{
  "schema": "e1_ce_class_weights/v1",
  "generated_utc": "2026-06-29T09:49:10.110829+00:00",
  "git_head": "122ba8d",
  "dataset_root": "C:\\Users\\admin\\plantseg_data\\plantseg",
  "split": "train",
  "basis": "raw annotation PNGs at native resolution (NOT resized/padded dataloader masks)",
  "num_classes": 116,
  "ignore_index": 255,
  "reduce_zero_label": false,
  "background_class": 0,
  "background_weighted_as_normal_ce_class": true,
  "cap": null,
  "formula": "w_c = sqrt(total_nonignore_pixels / (num_classes * pixels_in_class)); median-normalized; absent classes -> 1.0 (= median); NO cap",
  "matches_repo_fn": "src/training/losses.compute_class_weights",
  "train_mask_count": 5367,
  "unreadable_masks": 0,
  "mask_modes": [
    "L"
  ],
  "mask_ndims": [
    2
  ],
  "total_nonignore_pixels": 4582656621,
  "contains_255_in_raw": false,
  "out_of_range_values_gt115_ne255": [],
  "label_min_nonignore": 0,
  "label_max_nonignore": 115,
  "zero_count_classes": [],
  "weight_stats_all116": {
    "min": 0.03695420536826634,
    "median": 1.0,
    "mean": 1.3154226262559965,
    "max": 9.591535305447422,
    "argmin_class": 0,
    "argmax_class": 42,
    "all_finite": true
  },
  "weight_stats_present_only": {
    "min": 0.03695420536826634,
    "median": 1.0,
    "mean": 1.3154226262559965,
    "max": 9.591535305447422,
    "n_present": 116
  },
  "pixel_counts": [
    3703512045,
    2632054,
    8433554,
    4908023,
    9129368,
    2406389,
    33745956,
    3290074,
    3349039,
    7586744,
    1780901,
    7421054,
    1891173,
    1812693,
    14852654,
    988114,
    3485558,
    672980,
    1464632,
    2070421,
    1217602,
    1252048,
    5285769,
    2963120,
    5508781,
    5678581,
    866616,
    3073479,
    9501497,
    5095472,
    3328992,
    1002613,
    763525,
    5735175,
    2370390,
    1487825,
    982024,
    2967608,
    2146826,
    9197252,
    7092903,
    1177236,
    54975,
    266869,
    11841235,
    5394837,
    5897986,
    34431625,
    16307899,
    15982534,
    6641632,
    18847868,
    3867556,
    7178545,
    6475378,
    2307638,
    3456640,
    272891,
    799348,
    10271555,
    23857232,
    4565214,
    3752490,
    14568542,
    769224,
    2832952,
    5020080,
    14300594,
    13499016,
    932479,
    6524408,
    726790,
    5004090,
    2161107,
    1057804,
    2186822,
    3247989,
    5238530,
    1415297,
    1118708,
    1213404,
    2360694,
    2568501,
    2282288,
    19864269,
    12926178,
    15047184,
    33626118,
    14311559,
    19319192,
    64715686,
    937723,
    2384950,
    2157528,
    1311524,
    1628218,
    6378742,
    7232938,
    5254860,
    5826172,
    6954918,
    1404162,
    11093892,
    5195127,
    17764193,
    11633727,
    15633775,
    7289042,
    27699074,
    13717696,
    11690209,
    18524065,
    5952639,
    8398599,
    30883755,
    10268881
  ],
  "weights": [
    0.03695420536826634,
    1.3861918820761918,
    0.7744001594342889,
    1.015120163016193,
    0.7443040667989657,
    1.4497323561318194,
    0.3871327216556023,
    1.2398464865256624,
    1.2288833109294306,
    0.8164752676657265,
    1.6851977082934595,
    0.8255396802986816,
    1.635328928273849,
    1.6703543788291535,
    0.5835374278080874,
    2.2623886974040914,
    1.2045770700702425,
    2.7413827131756507,
    1.8582600464994976,
    1.5629367992895253,
    2.038065194780574,
    2.0098343262570944,
    0.9781752251100218,
    1.3064600342741408,
    0.9581709396482855,
    0.9437366827023213,
    2.415780087806438,
    1.282790171249346,
    0.7295830420159607,
    0.996273409152321,
    1.232577889755119,
    2.2459706828951784,
    2.573707083914184,
    0.9390687999986373,
    1.4606993822212875,
    1.8437193887252565,
    2.269392931637639,
    1.305471761706375,
    1.5348725727200445,
    0.7415521624583963,
    0.8444204422416093,
    2.072712094387657,
    9.591535305447422,
    4.353330951583313,
    0.6535401126821819,
    0.9682368001965803,
    0.9260168303979248,
    0.38325867064365493,
    0.5568929785287865,
    0.5625329036340725,
    0.8726364399336991,
    0.5180117763069366,
    1.1435428514607235,
    0.8393682453993141,
    0.8837678244169116,
    1.480426695408148,
    1.2096052778500475,
    4.305029604766649,
    2.515375360267064,
    0.7017018972390813,
    0.46042693484182745,
    1.052543802769083,
    1.1609432130417885,
    0.5891999530628756,
    2.5641553636754013,
    1.336137461891877,
    1.003726590847679,
    0.5946942100670312,
    0.6120962131953009,
    2.328902026240817,
    0.8804408673511742,
    2.6379482843125044,
    1.005328958857953,
    1.5297928040132036,
    2.186593970831871,
    1.5207717329394561,
    1.2478531333724705,
    0.9825757263085936,
    1.8903706060292405,
    2.1262404542165596,
    2.041587686202285,
    1.4636960493570148,
    1.403236520807085,
    1.4886257440756043,
    0.504585138185481,
    0.625512053239422,
    0.5797531712682258,
    0.38782194706855944,
    0.594466349793503,
    0.5116538771419731,
    0.2795541663477631,
    2.322380972368631,
    1.4562338080679413,
    1.5310611212105725,
    1.9637338555511819,
    1.7624405358352815,
    0.8904370669054662,
    0.8362061889757476,
    0.9810478124598486,
    0.9317064411321527,
    0.8527559175057988,
    1.897851121514305,
    0.6751943226926076,
    0.9866716830319331,
    0.5335781135572795,
    0.6593428706192128,
    0.5687728010482618,
    0.8329818189710226,
    0.42730514645060136,
    0.6071977612844891,
    0.6577481131561042,
    0.5225196179354298,
    0.9217560059351879,
    0.776010014277342,
    0.4046743701790585,
    0.7017932523117244
  ],
  "usage": "E1 loop: w = torch.tensor(json['weights'], dtype=torch.float32); WeightedCrossEntropyLoss(weight=w) / CombinedCEDiceLoss(weight=w, ignore_index=255)",
  "note": "Preparation artifact for the real E1 training run. NOT training."
}